its_path,total_time_dur,CHF_dur,CHN_dur,CXF_dur,CXN_dur,FAF_dur,FAN_dur,MAF_dur,MAN_dur,NOF_dur,NON_dur,OLF_dur,OLN_dur,SIL_dur,TVF_dur,TVN_dur,CHF_n,CHN_n,CXF_n,CXN_n,FAF_n,FAN_n,MAF_n,MAN_n,NOF_n,NON_n,OLF_n,OLN_n,SIL_n,TVF_n,TVN_n,AWC,CVC,CTC,FAN_AWC,FAN_ns_dur,FAN_utt_n,FAN_utt_dur,MAN_AWC,MAN_ns_dur,MAN_utt_n,MAN_utt_dur,corpus,CHN_segment_dur,CHN_utt_dur,CHN_cryvfx_dur,CHN_cry_dur,CHN_vfx_dur,CHN_segment_n,CHN_utt_n,CHN_cry_n,CHN_vfx_n,CHN_utt_segs_n,CHN_cry_segs_n,TV_dur,adult_dur,sub_id,group,match,match_type
/Volumes/pn-opus/VIHI/SubjectFiles/LENA/HI/HI_423/HI_423_959/HI_423_959.its,57599.99,69.04000000001048,3376.700000000002,103.8499999999978,2642.9399999999105,144.59000000001947,3731.0099999998893,291.37000000003536,3333.6800000000994,4876.669999999963,1486.2799999999625,1937.5800000000481,18545.28000000022,11397.489999999823,1098.6300000000076,4564.88000000001,82,3553,92,2449,137,2903,257,2446,3199,636,1277,5277,2650,713,1059,30977.29,2401,1090,16502.99,124.4,0,0,14474.3,88.68,0,0,VIHI,3376.700000000002,1544.560000000151,1277.44,1196.529999999816,80.91000000000889,3553,2383,1298,157,2172,1274,5663.5100000000175,7500.650000000043,HI_423_959,HI,NA,NA
/Volumes/pn-opus/VIHI/SubjectFiles/LENA/HI/HI_424/HI_424_527/HI_424_527.its,57599.99,113.32000000000394,3687.300000000111,177.7899999999692,683.390000000022,434.1700000000164,2425.530000000008,458.96000000003,2972.6900000000296,5538.529999999844,418.08000000001715,2808.6000000000463,4136.269999999963,31136.049999999963,1327.4499999999653,1281.8600000000104,155,3414,167,645,379,1885,385,2158,3700,278,1981,2848,3711,885,729,22313.61,3153,1156,9894.19,131.63,0,0,12419.42,97.79,0,0,VIHI,3687.300000000111,2128.9500000000703,804.18,780.5499999999947,23.629999999989877,3414,3095,781,58,2597,774,2609.309999999976,6291.350000000084,HI_424_527,HI,NA,NA
/Volumes/pn-opus/VIHI/SubjectFiles/LENA/HI/HI_425/HI_425_644/HI_425_644.its,57599.99,150.84000000003516,5388.570000000065,157.1299999999989,1632.9900000000166,445.5400000000445,3965.44000000013,847.5299999999324,1123.5699999999838,8600.89000000001,1201.0199999999318,4129.0899999999965,8902.46999999987,17275.29999999998,1690.0600000000304,2089.5499999999724,203,5177,171,1543,407,2825,682,888,5865,834,2895,5346,5310,1195,991,21167.45,4415,1022,16638.27,204.38,0,0,4529.18,84.94,0,0,VIHI,5388.570000000065,2905.540000000021,1350.35,1252.2099999999414,98.13999999998228,5177,4352,1370,221,3713,1304,3779.610000000003,6382.080000000091,HI_425_644,HI,NA,NA
/Volumes/pn-opus/VIHI/SubjectFiles/LENA/HI/HI_426/HI_426_537/HI_426_537.its,57599.99,168.84999999998138,2355.4400000000783,174.86000000002173,972.4199999999479,1191.5800000000384,1761.4400000000371,1081.5600000000554,183.1800000000262,12589.96999999986,1952.3100000000159,2839.5799999998762,3600.370000000075,27618.27999999992,794.2700000000542,315.8800000000121,222,2011,190,939,949,1307,811,135,5867,872,2173,2534,3460,581,230,7317.13,1682,327,6661.12,157.71,0,0,656.01,10.22,0,0,VIHI,2355.4400000000783,1322.799999999954,681.83,602.809999999957,79.02000000000025,2011,1628,490,138,1422,476,1110.1500000000663,4217.760000000157,HI_426_537,HI,NA,NA
/Volumes/pn-opus/VIHI/SubjectFiles/LENA/HI/HI_427/HI_427_428/HI_427_428.its,57599.99,106.09000000000674,4396.849999999778,415.06999999999783,1195.2800000000448,609.5899999999272,1578.7899999999831,980.730000000009,982.1899999999803,11474.66000000009,2806.5999999999735,3668.9900000000644,5050.960000000083,22087.160000000116,1000.6799999999514,1246.3499999999915,129,2804,378,1046,508,1232,763,736,5387,1027,2334,2762,3252,764,768,8992.75,1991,328,5545.53,131.91,0,0,3447.22,45.73,0,0,VIHI,4396.849999999778,1441.8299999999326,2284.54,2235.159999999919,49.38000000000666,2804,1956,1303,110,1476,1258,2247.029999999943,4151.299999999899,HI_427_428,HI,NA,NA
/Volumes/pn-opus/VIHI/SubjectFiles/LENA/HI/HI_428/HI_428_532/HI_428_532.its,57599.99,50.06999999999596,4225.3399999999565,104.26999999996838,1758.5400000000923,180.99999999997556,2238.870000000042,505.52999999998804,1070.0800000000063,5079.69000000007,734.0099999999659,3109.4599999998177,13661.840000000091,23659.690000000024,346.1299999999985,875.4700000000066,59,3777,111,1543,165,1766,384,741,3330,436,2070,5133,1824,205,337,12929.46,3974,607,8978.46,143.3,0,0,3951,66.87,0,0,VIHI,4225.3399999999565,2983.9799999998545,550.52,467.3400000000433,83.17999999998824,3777,3958,528,153,3141,517,1221.6000000000051,3995.480000000012,HI_428_532,HI,NA,NA
/Volumes/pn-opus/VIHI/SubjectFiles/LENA/HI/HI_429/HI_429_492/HI_429_492.its,34181.86,86.060000000004493,3951.340000000022,79.02000000000957,743.750000000012,554.4800000000124,2414.4899999998343,879.9199999999648,948.4099999999537,6350.950000000155,816.4900000000385,2112.3299999999826,7374.58999999997,5833.90000000004,1445.8899999999949,590.2400000000051,106,3610,89,756,467,1851,690,699,3826,562,1600,3909,1179,603,428,13584.67,2709,688,9607.83,196.35,0,0,3976.84,52.45,0,0,VIHI,3951.340000000022,2187.43999999996,1261.01,1113.7800000000161,147.2299999999845,3610,2648,1099,220,2364,1076,2036.13,4797.299999999765,HI_429_492,HI,NA,NA
/Volumes/pn-opus/VIHI/SubjectFiles/LENA/HI/HI_430/HI_430_659/HI_430_659.its,57599.99,178.62000000005662,5098.529999999974,307.4799999999909,974.1799999999723,872.2999999999818,1780.949999999922,701.509999999952,1204.2000000001108,9653.589999999906,2137.9299999999307,3217.900000000131,9075.290000000037,11153.919999999915,3135.0200000000546,8108.570000000063,215,3892,283,970,682,1252,568,935,4983,980,2174,3820,4500,2279,4038,12229.22,2638,567,7075.86,73.52,0,0,5153.36,34.53,0,0,VIHI,5098.529999999974,2604.239999999824,1969.47,1886.0200000001162,83.44999999997472,3892,2572,1458,160,2336,1434,11243.590000000118,4558.959999999966,HI_430_659,HI,NA,NA
/Volumes/pn-opus/VIHI/SubjectFiles/LENA/HI/HI_431/HI_431_648/HI_431_648.its,57599.99,59.999999999997556,6640.229999999935,192.83999999997877,1971.680000000128,376.72000000003817,3192.6200000000017,548.6299999999858,569.1699999999514,4166.249999999915,1115.259999999981,3190.2100000001205,11764.740000000027,20589.550000000036,1801.5499999999324,1420.5399999999702,72,5783,193,1813,312,2125,433,419,3015,517,2090,6181,2187,1154,827,16179.23,5519,972,13816.85,110.64,0,0,2362.38,30.07,0,0,VIHI,6640.229999999935,4585.9899999999225,1204.42,1161.3400000000447,43.07999999995317,5783,5487,1017,93,4732,991,3222.089999999903,4687.139999999978,HI_431_648,HI,NA,NA
/Volumes/pn-opus/VIHI/SubjectFiles/LENA/HI/HI_432/HI_432_754/HI_432_754.its,57599.99,51.029999999978855,761.2799999999852,199.9900000000041,586.5800000000177,169.949999999986,1305.0500000000638,192.77999999999983,955.0199999999738,5378.890000000058,38980.99000000002,1589.0799999999529,3346.519999999969,2085.3799999999765,564.7600000000065,1432.6900000000087,66,769,187,537,153,1036,161,667,2611,505,994,1499,1398,466,680,8898.77,558,242,5186.87,82.06,0,0,3711.9,58.77,0,0,VIHI,761.2799999999852,370.2799999999976,261.33,219.11999999999563,42.20999999999434,769,534,233,81,483,226,1997.4500000000153,2622.8000000000234,HI_432_754,HI,NA,NA
/Volumes/pn-opus/VIHI/SubjectFiles/LENA/HI/HI_433/HI_433_721/HI_433_721.its,57599.99,32.920000000005075,493.5999999999665,189.23999999999415,1805.1799999999723,483.2599999999901,1386.9099999999028,1900.7500000000646,541.8799999999826,6666.11999999976,1139.7700000000427,5082.3000000000975,3521.6500000001206,15872.879999999956,6774.790000000174,11708.739999999969,44,519,195,1593,402,1072,1249,386,3837,294,3016,2091,5988,4089,5652,7732.7,380,106,5702.16,83.77,0,0,2030.54,42.99,0,0,VIHI,493.5999999999665,247.4800000000049,162.56,159.08999999996604,3.4699999999988904,519,355,200,10,315,196,18483.530000000144,4312.79999999994,HI_433_721,HI,NA,NA
/Volumes/pn-opus/VIHI/SubjectFiles/LENA/TD/TD_419/TD_419_961/TD_419_961.its,57599.99,108.76999999999114,3368.8900000001818,76.4400000000058,1440.499999999939,272.92000000000235,2953.29000000007,274.3700000000162,1164.630000000027,5411.4700000000785,1649.4400000000546,1401.9199999999119,8042.999999999786,25282.64999999989,1023.7300000000116,5127.970000000034,135,3030,83,1327,239,2092,192,739,3387,644,984,3007,2866,633,1450,16946.36,2633,738,12296.81,92.25,0,0,4649.55,52.910000000000004,0,0,VIHI,3368.8900000001818,2032.7800000001564,816.71,760.6400000000796,56.06999999999624,3030,2597,608,125,2338,592,6151.700000000045,4665.2100000001155,TD_419_961,TD,HI_423_959,HI_age
/Volumes/pn-opus/VIHI/SubjectFiles/LENA/TD/TD_420/TD_420_268/TD_420_268.its,45041.3,121.10000000001185,3500.359999999683,251.98999999998827,1874.4700000000398,532.2700000000053,1724.7000000000714,640.0700000000589,948.5700000000274,7915.019999999867,1007.3800000000538,2232.3399999999547,3642.9100000002504,16754.770000000015,1718.0999999999929,2177.2499999999836,141,2568,258,1580,433,1225,495,633,4487,560,1663,2627,5085,1076,1262,11099.09,2030,373,7127.76,78.26,0,0,3971.33,38.11,0,0,VIHI,3500.359999999683,1894.5099999997474,1145.87,1110.4599999999486,35.41000000000389,2568,1993,811,79,1703,799,3895.3499999999767,3845.610000000163,TD_420_268,TD,HI_423_959,HI_hearingage
/Volumes/pn-opus/VIHI/SubjectFiles/LENA/TD/TD_421/TD_421_536/TD_421_536.its,49341.93,180.00999999997885,3491.0300000001384,155.17999999996988,1376.7799999999604,435.1400000000319,2079.170000000012,604.8899999999812,854.8800000000897,10715.019999999957,929.2699999999569,1343.639999999967,2420.919999999902,23078.7200000002,913.699999999882,763.5799999999717,229,3346,164,1426,397,1566,481,541,5552,482,1077,1782,5196,530,428,10678.09,3328,648,7473.57,139.01,0,0,3204.52,19.03,0,0,VIHI,3491.0300000001384,1770.0700000001166,795.64,696.7499999999644,98.55000000005975,3346,3219,619,226,2577,588,1677.2799999998538,3974.0800000001145,TD_421_536,TD,HI_424_527,HI_age
/Volumes/pn-opus/VIHI/SubjectFiles/LENA/TD/TD_422/TD_422_217/TD_422_217.its,57599.99,78.37999999995651,2793.9799999999036,52.0999999999799,416.68999999994844,187.06999999999096,1102.1299999999796,439.60000000002873,882.6399999999861,4757.000000000079,1400.960000000069,717.9700000000347,1876.4899999999961,38762.130000000034,1147.0900000000217,2985.7599999999893,94,1811,59,408,166,806,253,561,2409,424,588,1437,3174,625,1464,7608.25,756,205,4119.21,92.39,0,0,3489.04,22.98,0,0,VIHI,2793.9799999999036,517.0600000000193,1964.99,1921.0900000000051,43.899999999983805,1811,724,1188,98,602,1142,4132.850000000011,2611.4399999999855,TD_422_217,TD,HI_424_527,HI_hearingage
/Volumes/pn-opus/VIHI/SubjectFiles/LENA/TD/TD_423/TD_423_184/TD_423_184.its,57599.99,177.0099999999186,2635.4600000000337,96.08000000003268,722.8499999999294,662.819999999963,4144.7099999999455,1287.2399999999573,2993.0600000000527,7424.850000000117,1954.9500000000426,6716.639999999999,14676.249999999867,10801.770000000155,999.8499999999705,2306.450000000014,218,2322,103,733,558,2980,964,2085,4618,751,3182,5182,2737,674,934,27566.97,1535,602,16574.59,227.23,0,0,10992.38,294.24,0,0,VIHI,2635.4600000000337,1238.7599999999663,1049.38,978.159999999991,71.22000000005528,2322,1497,867,164,1353,838,3306.2999999999843,9087.829999999918,TD_423_184,TD,HI_427_428,HI_hearingage
/Volumes/pn-opus/VIHI/SubjectFiles/LENA/TD/TD_424/TD_424_676/TD_424_676.its,57599.99,83.07999999999916,2227.850000000054,134.83999999997874,714.0400000000035,287.0500000000115,3130.299999999933,850.6400000000281,454.9999999999095,5598.549999999977,10196.569999999967,1784.2200000000475,6692.169999999951,20611.430000000128,1157.6699999999428,3676.580000000068,103,2130,137,726,256,2344,531,327,2986,680,1086,1662,3624,827,1785,13619.26,1968,870,12440.37,128.4,0,0,1178.89,137.45,0,0,VIHI,2227.850000000054,1329.8099999999984,437.12,387.9999999999913,49.120000000006826,2130,1931,362,96,1703,355,4834.250000000011,4722.989999999882,TD_424_676,TD,HI_430_659,HI_age
/Volumes/pn-opus/VIHI/SubjectFiles/LENA/TD/TD_425/TD_425_194/TD_425_194.its,42691.43,117.23999999995732,2407.2899999999636,134.17999999999685,1758.200000000073,292.81999999997794,4734.019999999814,250.55999999990928,296.04000000001054,4627.04000000007,442.8100000000114,2422.6200000000795,7543.800000000092,14422.860000000035,1455.5100000000425,1786.4399999999669,146,2151,147,1637,283,3103,194,222,3222,336,1644,3812,3345,857,1076,20516.41,1347,502,19482.28,148.13,0,0,1034.13,37.39,0,0,VIHI,2407.2899999999636,923.4200000000258,1086.8,1046.529999999984,40.26999999999339,2151,1312,973,90,1123,958,3241.9500000000094,5573.439999999712,TD_425_194,TD,HI_429_492,HI_hearingage
/Volumes/pn-opus/VIHI/SubjectFiles/LENA/TD/TD_426/TD_426_429/TD_426_429.its,57599.99,85.92999999998156,2077.989999999859,427.1700000000034,5196.020000000239,589.6600000000018,4686.049999999859,497.44999999997356,588.1999999999078,4674.250000000202,1101.4499999999562,2394.350000000048,6987.2299999999195,23618.730000000058,2190.7900000000277,2484.7199999999625,121,1996,445,4281,523,3197,386,423,3280,656,1821,4311,3998,1270,1455,21329.84,1513,473,19086.9,287.39,0,0,2242.94,71,0,0,VIHI,2077.989999999859,1084.1799999999218,711.05,684.5099999999222,26.539999999995082,1996,1450,656,52,1303,650,4675.50999999999,6361.359999999742,TD_426_429,TD,HI_427_428,HI_age
/Volumes/pn-opus/VIHI/SubjectFiles/LENA/TD/TD_428/TD_428_188/TD_428_188.its,41510.93,94.90000000000765,1093.4300000001406,145.93000000001518,2292.5800000000254,413.93000000003366,1268.1400000000126,526.4000000000224,1335.8499999999358,6187.599999999713,754.5999999999885,2487.140000000053,6529.019999999995,16219.530000000024,1185.5700000000008,976.3100000000323,119,1044,149,1771,352,1015,409,813,3558,494,1762,2973,3549,709,519,9565.91,636,170,4763.12,88.55,0,0,4802.79,139.92,0,0,VIHI,1093.4300000001406,371.1200000000769,467.86,439.25000000006105,28.609999999992567,1044,595,488,65,506,478,2161.8800000000333,3544.3200000000043,TD_428_188,TD,HI_425_644,HI_hearingage
/Volumes/pn-opus/VIHI/SubjectFiles/LENA/TD/TD_429/TD_429_190/TD_429_190.its,57599.99,128.63000000004286,2389.549999999961,283.2300000000038,2506.900000000067,631.7499999998954,4049.2900000000386,586.2000000000328,459.81999999998084,9619.249999999998,1131.3899999999742,4094.2999999999274,9757.100000000077,15370.229999999998,1676.2599999999752,4916.090000000026,168,2172,290,2300,579,2863,445,355,5920,684,2964,5235,5186,1026,2713,16218.21,1340,317,14645.84,194.1,0,0,1572.37,47.160000000000004,0,0,VIHI,2389.549999999961,884.659999999986,1123.29,1078.7599999999345,44.529999999988235,2172,1307,985,116,1139,954,6592.35,5727.059999999947,TD_429_190,TD,HI_428_532,HI_hearingage
/Volumes/pn-opus/VIHI/SubjectFiles/LENA/TD/TD_430/TD_430_493/TD_430_493.its,47516.55,61.48999999999799,3184.4599999998936,149.38000000001273,2554.700000000198,231.80999999998687,2915.279999999917,819.7400000000088,1946.270000000066,3785.8800000000247,801.2099999999637,2679.839999999875,17155.000000000025,8858.790000000045,1035.140000000036,1337.5599999999504,84,3155,151,2254,217,2123,568,1340,2697,463,1828,5665,2215,763,842,19418.55,2104,569,12292.86,111.14,0,0,7125.69,164.08,0,0,VIHI,3184.4599999998936,1441.7299999999636,1339.37,1308.5899999999037,30.77999999999986,3155,2072,1258,71,1852,1250,2372.699999999986,5913.0999999999785,TD_430_493,TD,HI_429_492,HI_age
/Volumes/pn-opus/VIHI/SubjectFiles/LENA/TD/TD_431/TD_431_248/TD_431_248.its,43457.05,79.6500000000039,1218.9300000000048,68.61999999998368,596.8200000000148,372.1800000000194,4125.8499999999585,1801.210000000021,1993.5200000000557,5988.050000000033,1196.9199999999228,3761.989999999905,7182.579999999937,11334.150000000152,1376.0399999999916,2360.54,104,1115,72,564,330,2779,688,1373,3847,515,2196,3424,3234,844,1037,24709,1046,431,17113.55,127.22,0,0,7595.45,81.16,0,0,VIHI,1218.9300000000048,818.700000000021,232.42,224.5999999999915,7.819999999997265,1115,1015,221,19,884,216,3736.5799999999917,8292.760000000055,TD_431_248,TD,HI_430_659,HI_hearingage
/Volumes/pn-opus/VIHI/SubjectFiles/LENA/TD/TD_433/TD_433_522/TD_433_522.its,38613.05,176.2600000000308,2559.28000000003,278.6600000000327,1328.3100000001198,819.5299999999454,3531.9700000000134,2568.070000000031,621.2399999999936,9699.99999999987,1291.249999999945,2626.9200000000933,3722.1699999999264,7546.380000000012,1227.829999999976,615.1799999999826,219,2633,270,1159,673,2493,1264,453,5223,635,2035,2437,3577,793,463,16440.440000000002,2304,805,14149.85,132.76,0,0,2290.59,13.74,0,0,VIHI,2559.28000000003,1424.4099999999546,510.71,436.66999999999587,74.04000000001082,2633,2227,581,169,1932,566,1843.0099999999586,7540.809999999984,TD_433_522,TD,HI_428_532,HI_age
/Volumes/pn-opus/VIHI/SubjectFiles/LENA/TD/TD_434/TD_434_249/TD_434_249.its,45837.8,77.95999999999225,2562.8799999998496,158.51999999999413,750.7500000000359,720.990000000026,3154.2600000000557,1775.609999999992,1115.31000000003,7058.389999999992,601.1799999999924,4774.250000000007,7737.389999999978,12330.89000000007,1657.6100000000354,1361.8099999999536,98,1996,163,731,577,2230,1206,810,4236,296,2988,3236,4566,1152,829,16349.34,1124,323,12205.31,159.95,0,0,4144.03,80.92,0,0,VIHI,2562.8799999998496,995.3800000000492,1343.98,1319.809999999915,24.169999999986885,1996,1094,961,60,1017,939,3019.419999999989,6766.170000000104,TD_434_249,TD,HI_433_721,HI_hearingage
/Volumes/pn-opus/VIHI/SubjectFiles/LENA/TD/TD_435/TD_435_205/TD_435_205.its,57599.99,139.93999999999386,1343.2700000000857,270.36000000000917,1625.7800000000016,634.1299999999536,3033.7099999999386,474.0899999999766,872.3000000000012,9060.230000000005,668.9499999999899,2016.6900000000626,6967.680000000101,28154.77999999993,1105.539999999953,1232.5399999999968,180,1300,268,1363,548,2060,391,637,4841,411,1530,2603,3848,789,703,15099.73,572,186,11671.73,106.84,0,0,3428,15.69,0,0,VIHI,1343.2700000000857,420.0200000000185,689.43,620.13000000001,69.30000000002622,1300,540,689,150,508,679,2338.07999999995,5014.22999999987,TD_435_205,TD,HI_431_648,HI_hearingage
/Volumes/pn-opus/VIHI/SubjectFiles/LENA/TD/TD_436/TD_436_678/TD_436_678.its,29822.11,78.230000000005,2547.5999999999776,191.64999999999569,2835.540000000081,448.9200000000088,1510.8100000000784,365.8600000000132,1600.0999999999976,6341.559999999904,1591.7800000000243,2077.959999999909,7646.810000000014,1659.1900000000014,561.4499999999892,364.6500000000005,93,2199,194,2352,383,1042,316,1101,3478,641,1394,3292,1338,392,228,12757.619999999999,1138,298,6085.86,55.6,0,0,6671.76,44.5,0,0,VIHI,2547.5999999999776,832.1499999999704,1425.64,1387.0200000000273,38.6200000000014,2199,1107,1145,79,1038,1103,926.0999999999897,3925.6900000000983,TD_436_678,TD,HI_431_648,HI_age
/Volumes/pn-opus/VIHI/SubjectFiles/LENA/TD/TD_437/TD_437_564/TD_437_564.its,57599.99,76.1999999999899,2366.039999999875,293.8500000000254,1696.1400000000094,483.0900000000399,2508.529999999978,752.9700000000249,626.7000000000592,7989.569999999728,24130.63999999998,2095.8900000000413,8162.160000000062,2273.630000000163,991.840000000026,3152.739999999994,98,2364,300,1581,421,1936,441,526,4476,1647,1727,4574,1761,735,1565,11709.56,1666,522,9284.97,243.4,0,0,2424.59,40.34,0,0,VIHI,2366.039999999875,1153.6499999999658,860.43,713.8399999999586,146.58999999999898,2364,1632,694,241,1486,671,4144.58000000002,4371.290000000102,TD_437_564,TD,HI_425_644,HI_age
/Volumes/pn-opus/VIHI/SubjectFiles/LENA/TD/TD_438/TD_438_522/TD_438_522.its,43586.68,127.52000000003042,2893.3799999998073,186.78999999997916,947.7400000001073,509.7900000000128,4016.120000000058,1597.7799999999672,1953.9900000000878,10197.28999999992,3403.65000000004,2439.8900000001117,5988.099999999849,4897.560000000015,1472.0400000000595,2955.0399999999545,163,2509,179,949,434,2868,711,1421,5503,779,1943,3347,3807,1101,1781,23520.39,2373,739,15714.04,175.46,0,0,7806.35,110.85,0,0,VIHI,2893.3799999998073,1719.6299999998957,571.11,500.5899999999983,70.51999999999543,2509,2310,491,149,1915,472,4427.0800000000145,8077.680000000126,TD_438_522,TD,HI_426_537,HI_age
/Volumes/pn-opus/VIHI/SubjectFiles/LENA/TD/TD_439/TD_439_192/TD_439_192.its,57599.99,56.84000000002311,1398.1199999999853,221.9800000000078,486.59999999995,830.5800000000327,2309.4900000000034,1909.9100000000235,2367.239999999965,7213.859999999859,884.8799999999942,4123.390000000026,7949.129999999924,16389.50000000023,4742.669999999958,6715.800000000017,70,1266,235,483,682,1692,1340,1475,4357,401,2546,3443,6154,2694,3044,18343.57,604,203,9325.78,135,0,0,9017.79,134.03,0,0,VIHI,1398.1199999999853,467.4499999999812,822.99,798.53000000002055,24.46000000001061,1266,588,677,43,559,671,11458.469999999976,7417.220000000025,TD_439_192,TD,HI_426_537,HI_hearingage
/Volumes/pn-opus/VIHI/SubjectFiles/LENA/TD/TD_440/TD_440_189/TD_440_189.its,57599.99,48.86000000001144,916.0399999999951,35.540000000005875,95.53999999999235,234.54000000000553,294.18000000002,113.69999999998677,149.13000000000056,2947.1500000000024,336.98,1276.1000000000058,1627.510000000002,41390.42999999996,3810.330000000016,4323.960000000001,66,715,39,105,205,209,100,106,1630,185,839,999,2538,744,1766,1637.1,399,48,1054.96,24.79,0,0,582.14,2.12,0,0,VIHI,916.0399999999951,240.39999999998827,539.86,504.02999999999935,35.830000000009264,715,395,374,66,302,358,8134.290000000017,791.5500000000128,TD_440_189,TD,HI_432_754,HI_hearingage
/Volumes/pn-opus/VIHI/SubjectFiles/LENA/TD/TD_441/TD_441_732/TD_441_732.its,16299.49,33.91999999999666,1369.1699999999714,69.25000000000489,1430.4199999999996,142.91000000000224,682.0999999999965,143.940000000009,221.79999999999768,2321.199999999971,315.59000000000515,1581.1300000000067,3407.6200000000194,2536.320000000029,700.5300000000035,1343.589999999987,43,1386,74,1285,126,566,122,169,1528,208,1035,1875,1667,509,878,3844.4,1085,176,2938.65,51.59,0,0,905.75,22.85,0,0,VIHI,1369.1699999999714,725.4099999999917,408.55,393.0899999999832,15.460000000000662,1386,1066,419,31,948,415,2044.1199999999903,1190.7500000000055,TD_441_732,TD,HI_433_721,HI_age
/Volumes/pn-opus/VIHI/SubjectFiles/LENA/TD/TD_442/TD_442_763/TD_442_763.its,20812.24,27.68999999999528,1938.2600000000207,39.17999999999407,446.2199999999808,173.37999999998263,1289.7899999999906,396.45000000000414,693.8200000000159,2511.0999999999967,183.78000000000867,2894.1799999999616,4332.170000000042,1321.369999999998,725.6200000000305,3839.22999999998,39,1923,42,413,153,992,311,483,1688,147,1550,1833,572,556,2111,8267.25,1693,517,5529.54,45.67,0,0,2737.71,28.55,0,0,VIHI,1938.2600000000207,1293.2499999999877,357.25,329.1999999999981,28.050000000009277,1923,1681,339,55,1546,334,4564.85000000001,2553.4399999999932,TD_442_763,TD,HI_432_754,HI_age
/Volumes/pn-opus/VIHI/SubjectFiles/LENA/TD/TD_443/TD_443_341/TD_443_341.its,45651.55,27.31999999999657,2058.0600000000554,99.1100000000159,2780.6300000000338,408.88999999998276,1470.5700000000936,449.7600000000517,94.47000000000241,3899.6000000000704,643.3600000000187,7413.340000000018,9394.37999999969,7956.019999999992,1252.259999999956,7703.780000000024,40,2085,105,2516,370,1026,374,79,2823,297,3540,4068,1077,937,3920,6027.17,1078,112,5698.12,80.55,0,0,329.05,14.95,0,0,VIHI,2058.0600000000554,822.0500000000116,1005.64,980.1900000000276,25.450000000008572,2085,1073,1049,55,1015,1040,8956.03999999998,2423.6900000001306,TD_443_341,TD,VI_002_336,VI
/Volumes/pn-opus/VIHI/SubjectFiles/LENA/TD/TD_444/TD_444_402/TD_444_402.its,57599.99,47.99000000000706,1542.1399999999715,116.87000000002122,1904.710000000049,333.4800000000151,3008.089999999969,354.8899999999993,607.1800000000237,3938.000000000013,958.7799999999905,2292.2999999998833,11748.510000000115,16561.19999999996,853.4200000000606,13332.429999999917,62,1688,128,1712,294,2121,289,466,2677,388,1606,3965,2317,650,3503,14752.849999999999,940,280,12313.9,101.03,0,0,2438.95,42.58,0,0,VIHI,1542.1399999999715,592.0599999999664,672.46,624.6299999999526,47.83000000000928,1688,922,799,101,825,782,14185.849999999977,4303.640000000008,TD_444_402,TD,VI_003_405,VI
/Volumes/pn-opus/VIHI/SubjectFiles/LENA/TD/TD_445/TD_445_217/TD_445_217.its,57599.99,100.89999999999543,5140.649999999891,320.74000000006504,2841.1300000000388,547.5499999999772,3504.120000000047,847.2699999999704,797.6300000000268,7102.7800000004145,698.9999999999895,3276.0599999998635,5113.409999999764,23173.009999999962,2033.4399999999841,2102.300000000007,125,3306,320,2448,479,2280,616,536,4149,298,2462,3444,4670,1335,1225,17136.97,2799,499,13830.73,122.8,0,0,3306.24,17.35,0,0,VIHI,5140.649999999891,2377.6099999997796,1982.56,1943.7299999999905,38.830000000010386,3306,2782,1217,110,2152,1079,4135.739999999991,5696.5700000000215,TD_445_217,TD,VI_007_204,VI
/Volumes/pn-opus/VIHI/SubjectFiles/LENA/TD/TD_447/TD_447_448/TD_447_448.its,41746.3,94.52000000001917,3377.9599999999646,85.92999999997892,905.3100000000427,276.819999999958,1943.1100000000627,426.439999999962,938.7299999999669,7315.820000000008,829.390000000056,3816.3299999999495,8919.650000000023,9632.980000000047,1090.3799999999728,2092.929999999991,107,2559,92,836,248,1423,348,654,4278,554,2537,4135,2367,593,906,11866.13,1858,374,8118.94,63.49,0,0,3747.19,38.33,0,0,VIHI,3377.9599999999646,1696.1899999997893,1343.49,1279.9100000000112,63.58000000001624,2559,1831,823,146,1667,781,3183.309999999964,3585.0999999999494,TD_447_448,TD,VI_004_415,VI
/Volumes/pn-opus/VIHI/SubjectFiles/LENA/TD/TD_448/TD_448_304/TD_448_304.its,57083.3,111.02000000000385,2940.10999999987,207.66999999999416,201.3699999999929,757.8099999999827,4292.090000000047,1136.6100000001543,1856.9100000000851,9025.80000000007,645.3100000000272,4290.429999999946,4945.989999999911,15520.279999999926,4168.9799999999595,6982.920000000032,145,1988,214,203,626,2951,794,1260,4938,312,2720,2797,3699,2425,2515,25499.86,1288,484,18031.84,104.22,0,0,7468.02,66.36,0,0,VIHI,2940.10999999987,947.7899999998474,1642.25,1604.969999999977,37.27999999998366,1988,1265,901,91,1072,842,11151.89999999999,8043.42000000027,TD_448_304,TD,VI_005_263,VI
/Volumes/pn-opus/VIHI/SubjectFiles/LENA/TD/TD_449/TD_449_716/TD_449_716.its,57599.99,144.5199999999927,3202.7700000001214,167.66000000001785,4739.789999999982,380.63999999999004,4567.529999999998,235.0000000000256,780.4599999999996,5481.060000000052,930.160000000055,2274.469999999874,8106.779999999806,18804.980000000007,4017.770000000014,3766.4000000000633,189,3037,177,3797,362,3119,210,559,3731,585,1728,5046,3076,1723,1886,21331.33,2397,672,18211.22,208.58,0,0,3120.11,42.63,0,0,VIHI,3202.7700000001214,1676.240000000114,971.25,891.7100000000582,79.53999999999074,3037,2325,922,155,2009,903,7784.170000000077,5963.630000000014,TD_449_716,TD,VI_008_707,VI
/Volumes/pn-opus/VIHI/SubjectFiles/LENA/VI/VI_001/VI_001_676/VI_001_676.its,57599.99,80.11000000000234,2398.080000000016,220.07000000000954,1309.3699999999628,583.2800000000017,2695.14999999997,369.03999999996876,831.9700000000162,3955.3100000000204,1655.369999999971,2699.629999999984,7354.670000000047,18402.150000000027,2197.430000000089,12848.35999999991,105,2392,221,1274,477,2056,302,608,2630,384,1731,3386,3686,1566,5596,14465.93,2015,660,11078.38,119.15,0,0,3387.55,37.49,0,0,VIHI,2398.080000000016,1455.3900000000294,572.7,533.2600000000105,39.43999999998242,2392,1957,542,92,1796,534,15045.789999999999,4479.439999999957,VI_001_676,VI,NA,NA
/Volumes/pn-opus/VIHI/SubjectFiles/LENA/VI/VI_002/VI_002_336/VI_002_336.its,57599.99,86.75999999999851,2513.1100000000556,325.8700000000547,510.75000000006327,690.3999999999755,3902.9899999999393,1830.2399999999311,1611.2200000000196,8505.629999999946,1045.310000000013,3860.959999999925,8337.840000000018,19830.67000000007,2111.9199999999782,2436.320000000008,116,2070,324,491,584,2530,1311,1089,4856,606,2600,3561,4626,1385,978,22379.67,1362,394,16181.18,118.32000000000001,0,0,6198.49,78.83,0,0,VIHI,2513.1100000000556,1126.0499999999274,1071.9,1025.9700000000425,45.930000000058726,2070,1332,886,110,1133,866,4548.239999999986,8034.849999999866,VI_002_336,VI,NA,NA
/Volumes/pn-opus/VIHI/SubjectFiles/LENA/VI/VI_003/VI_003_405/VI_003_405.its,57599.99,141.630000000005,2763.039999999936,173.25000000001887,2556.1200000000463,318.69000000003984,1636.3500000000274,345.7999999999389,1350.9300000000114,5829.8599999998005,875.0399999999167,2866.4400000000965,8243.57000000009,24089.330000000104,1713.859999999974,4696.0799999999945,177,2421,173,2214,290,1309,302,983,3970,594,2061,4417,3586,1092,875,11835.23,1652,395,6521.24,122.88,0,0,5313.99,61.44,0,0,VIHI,2763.039999999936,1259.5299999999327,1076.62,1002.5400000000021,74.07999999998478,2421,1616,836,159,1483,812,6409.939999999969,3651.7700000000177,VI_003_405,VI,NA,NA
/Volumes/pn-opus/VIHI/SubjectFiles/LENA/VI/VI_004/VI_004_415/VI_004_415.its,57599.99,63.15000000000501,2349.139999999968,37.599999999998545,496.9200000000051,254.11000000003492,2832.2899999999586,942.1099999999778,1863.7600000000612,6963.859999999789,13432.810000000014,5585.58000000013,14278.750000000058,6629.999999999946,252.59000000006336,1617.319999999987,74,1794,38,477,246,2017,565,1330,3912,829,2711,4079,1868,204,871,18634.8,1072,421,11019.21,190.34,0,0,7615.59,88.51,0,0,VIHI,2349.139999999968,920.2599999999862,1264.97,1215.7699999999672,49.19999999999948,1794,1058,761,94,992,738,1869.9100000000503,5892.270000000032,VI_004_415,VI,NA,NA
/Volumes/pn-opus/VIHI/SubjectFiles/LENA/VI/VI_005/VI_005_263/VI_005_263.its,57599.99,104.39000000001533,3286.439999999956,47.7299999999957,680.9199999999514,287.06000000000495,5234.080000000149,695.3899999999558,2000.490000000078,8331.48000000001,1336.860000000012,3443.1599999999326,5688.890000000023,19823.67999999992,1868.9700000000114,4770.449999999983,127,2292,50,658,261,3680,522,1310,4827,531,2279,2923,4850,1046,2142,26525.22,1592,629,19759.62,343.44,0,0,6765.6,179.97,0,0,VIHI,3286.439999999956,1377.9500000001117,1552.57,1502.6899999999364,49.87999999999079,2292,1566,901,79,1341,881,6639.419999999995,8217.020000000188,VI_005_263,VI,NA,NA
/Volumes/pn-opus/VIHI/SubjectFiles/LENA/VI/VI_007/VI_007_204/VI_007_204.its,57599.99,129.0399999999979,3960.880000000021,420.6399999999634,1870.939999999903,412.25999999996384,2130.7600000001066,336.54999999999563,186.2999999999738,8073.600000000135,1634.4300000000308,4219.599999999945,5741.899999999843,23633.47000000004,2034.620000000014,2815.0000000000637,156,2713,415,1752,357,1533,277,122,4490,930,2583,3672,3217,1289,1434,9650.14,1485,262,8919.06,82.12,0,0,731.08,10.129999999999999,0,0,VIHI,3960.880000000021,1155.5600000000215,2348.13,2249.9499999999925,98.18000000001241,2713,1456,1524,197,1161,1421,4849.620000000077,3065.87000000004,VI_007_204,VI,NA,NA
/Volumes/pn-opus/VIHI/SubjectFiles/LENA/VI/VI_007/VI_007_204/VI_007_204.its,57599.99,129.0399999999979,3960.880000000021,420.6399999999634,1870.939999999903,412.25999999996384,2130.7600000001066,336.54999999999563,186.2999999999738,8073.600000000135,1634.4300000000308,4219.599999999945,5741.899999999843,23633.47000000004,2034.620000000014,2815.0000000000637,156,2713,415,1752,357,1533,277,122,4490,930,2583,3672,3217,1289,1434,9650.14,1485,262,8919.06,82.12,0,0,731.08,10.129999999999999,0,0,VIHI,3960.880000000021,1155.5600000000215,2348.13,2249.9499999999925,98.18000000001241,2713,1456,1524,197,1161,1421,4849.620000000077,3065.87000000004,VI_007_204,VI,NA,NA
/Volumes/pn-opus/VIHI/SubjectFiles/LENA/VI/VI_008/VI_008_707/VI_008_707.its,57599.99,156.58999999999816,4901.32000000018,483.3199999999642,2527.0299999998947,1197.610000000029,3994.440000000107,592.9499999999829,814.7499999999565,5690.919999999973,1911.300000000018,1295.2499999999532,5179.739999999966,25040.670000000064,1275.039999999981,2539.059999999932,198,4646,462,2362,936,2636,482,607,3477,1059,1097,3193,1816,900,1642,18256.02,4621,1192,15118.5,160.48,0,0,3137.52,51.51,0,0,VIHI,4901.32000000018,3243.610000000117,677.79,606.3399999999244,71.45000000000414,4646,4556,615,141,3939,591,3814.099999999913,6599.750000000075,VI_008_707,VI,NA,NA
/Volumes/pn-opus/VIHI/SubjectFiles/LENA/VI/VI_012/VI_012_562/VI_012_562.its,57599.99,122.68000000001155,1537.3900000000237,645.7200000000175,2644.369999999931,537.8800000000008,2825.460000000041,394.0599999999889,440.5700000000012,6686.7599999999,26044.17000000011,2236.389999999991,6459.520000000097,1337.479999999958,1115.45999999995,4572.079999999976,160,1577,513,2091,466,1918,324,332,3429,1167,1635,3457,1117,816,2451,11972.83,1090,344,10274.23,158.11,0,0,1698.6,26.89,0,0,VIHI,1537.3900000000237,708.7099999999056,528.47,452.5399999999928,75.93000000001695,1577,1040,543,153,915,531,5687.539999999926,4197.970000000032,VI_012_562,VI,NA,NA
/Volumes/pn-opus/VIHI/SubjectFiles/LENA/VI/VI_013/VI_013_206/VI_013_206.its,57599.99,150.8999999999744,1576.7199999999684,502.59000000003164,2983.090000000106,791.5900000000925,1999.6000000000115,759.8499999999676,896.5600000000804,8178.789999999833,26805.15000000001,2121.240000000003,3117.7399999999566,7078.299999999945,465.28000000001816,172.5900000000015,190,1266,484,2221,667,1458,557,634,4152,589,1349,1624,3666,367,132,10445.62,904,210,7229.14,110.73,0,0,3216.48,68.79,0,0,VIHI,1576.7199999999684,798.5999999999004,524.59,443.7599999999811,80.83000000001181,1266,878,416,133,745,410,637.8700000000197,4447.600000000152,VI_013_206,VI,NA,NA
/Volumes/pn-opus/VIHI/SubjectFiles/LENA/VI/VI_014/VI_014_242/VI_014_242.its,57599.99,123.77999999997193,2166.1100000000847,490.89999999999935,3035.399999999951,767.7600000000018,4473.580000000082,1200.5699999999551,3773.3499999999713,7241.850000000059,638.1200000000335,2072.4499999999807,3984.919999999956,24558.62000000021,1966.3199999997914,1106.2599999999488,164,1634,495,2286,670,3660,967,2440,4354,347,1665,2771,6029,1195,696,29013.58,1540,532,15221.52,463.81,0,0,13792.06,133.09,0,0,VIHI,2166.1100000000847,1481.2000000001267,429.91,392.5199999999702,37.39000000001944,1634,1467,313,81,1278,300,3072.5799999997403,10215.26000000001,VI_014_242,VI,NA,NA
/Volumes/pn-opus/VIHI/SubjectFiles/LENA/VI/VI_015/VI_015_195/VI_015_195.its,57599.99,159.70000000001937,4154.810000000094,721.6999999999764,1128.3599999999349,974.14999999998,7053.019999999921,423.79000000009034,322.870000000014,7132.899999999941,6353.86000000004,957.670000000001,2052.93999999994,20351.359999999768,4045.0200000002624,1767.840000000016,196,2473,673,990,776,4098,326,267,3512,937,797,1668,5703,2438,994,27110.550000000003,1197,470,25950.81,384.16,0,0,1159.74,32.16,0,0,VIHI,4154.810000000094,869.6900000001075,2754.3,2676.280000000056,78.01999999998316,2473,1174,1517,166,969,1381,5812.860000000279,8773.830000000005,VI_015_195,VI,NA,NA
/Volumes/pn-opus/VIHI/SubjectFiles/LENA/VI/VI_018/VI_018_924/VI_018_924.its,57599.99,119.0400000000395,2469.5500000001002,532.0800000000102,4419.580000000081,319.8000000000047,1481.1800000000042,209.22999999997154,100.72999999998876,7084.239999999902,19698.439999999966,2515.1699999999464,2321.9200000000437,10013.819999999969,479.40999999996393,5835.800000000008,172,2040,507,2392,285,1015,182,82,2912,918,1556,1401,2242,397,3316,6232.64,1376,236,5886.77,74.38,0,0,345.87,17.14,0,0,VIHI,2469.5500000001002,1037.1300000000483,1189.2,1167.7599999999982,21.43999999999994,2040,1246,940,43,1099,908,6315.209999999972,2110.939999999969,VI_018_924,VI,NA,NA
/Volumes/pn-opus/VIHI/SubjectFiles/LENA/VI/VI_033/VI_033_820/VI_033_820.its,57599.99,163.38999999993038,4705.789999999997,409.1499999999503,1874.7000000000617,797.6099999999061,6237.78000000008,1020.6100000000013,1466.9900000001412,10528.230000000112,16871.849999999948,3019.6199999999662,5503.739999999876,3578.370000000075,509.4599999999583,912.6999999999938,219,4285,402,1680,663,4065,716,1002,5743,1210,1962,3558,2410,398,610,31744.77,3785,1436,25907.58,195.15,0,0,5837.19,71.26,0,0,VIHI,4705.789999999997,2827.630000000071,1060.16,930.9300000000642,129.2300000000288,4285,3683,896,257,3220,869,1422.159999999952,9522.990000000129,VI_033_820,VI,NA,NA
